"","site_code","location_name","latlong","gaps","depth","analyte_profile_conc"
"45.739055, -122.309112","ABBY","ABBY_initSoil","45.739055, -122.309112",0,100,5.071
"45.743366, -122.35901","ABBY","ABBY_initSoil","45.743366, -122.35901",0,100,2.215
"45.743937, -122.317109","ABBY","ABBY_initSoil","45.743937, -122.317109",0,100,4.541
"45.744589, -122.381659","ABBY","ABBY_initSoil","45.744589, -122.381659",0,100,2.766
"45.745361, -122.375882","ABBY","ABBY_initSoil","45.745361, -122.375882",0,85,4.12823529411765
"45.746995, -122.332415","ABBY","ABBY_initSoil","45.746995, -122.332415",0,100,3.341
"45.752598, -122.325841","ABBY","ABBY_initSoil","45.752598, -122.325841",0,100,2.079
"45.760544, -122.330038","ABBY","ABBY_initSoil","45.760544, -122.330038",0,100,4.785
"45.765614, -122.299549","ABBY","ABBY_initSoil","45.765614, -122.299549",0,100,2.365
"45.767791, -122.303342","ABBY","ABBY_initSoil","45.767791, -122.303342",0,100,5.684
"45.768936, -122.361007","ABBY","ABBY_initSoil","45.768936, -122.361007",0,100,5.387
"45.770172, -122.387515","ABBY","ABBY_initSoil","45.770172, -122.387515",0,100,2.068
"45.771358, -122.355223","ABBY","ABBY_initSoil","45.771358, -122.355223",0,100,3.01
"45.772619, -122.346369","ABBY","ABBY_initSoil","45.772619, -122.346369",0,100,5.207
"45.772764, -122.369799","ABBY","ABBY_initSoil","45.772764, -122.369799",0,100,6.407
"45.762378, -122.329672","ABBY",NA,"45.762378, -122.329672",0,200,2.347
"48.46504064, -123.0143109","1","1","1",1,1,1
"44.231, -122.22","AND","H.J. Andrews","44.231, -122.22",0,20,5.32775
"68.63333, -149.7167","2","2","2",2,2,2
"67.927667, -161.963717","2","2","2",2,2,2
"68.553, -149.574444","2","2","2",2,2,2
"68.562267, -149.571017","2","2","2",2,2,2
"68.633222, -149.7985","2","2","2",2,2,2
"68.666256, -149.817472","2","2","2",2,2,2
"68.671592, -149.844794","2","2","2",2,2,2
"68.677903, -149.621064","2","2","2",2,2,2
"68.679244, -149.627725","2","2","2",2,2,2
"27.15, -81.18333333","1","1","1",1,1,1
"33.67, 101.87","1","1","1",1,1,1
"51.392138, 11.877969","1","1","1",1,1,1
"-41.00644, -71.15323","1","1","1",1,1,1
"71.226667, -156.546572","BARR","BARR_initSoil","71.226667, -156.546572",0,100,26.128
"71.241422, -156.502856","BARR","BARR_initSoil","71.241422, -156.502856",0,52,10.75
"71.242584, -156.311981","BARR","BARR_initSoil","71.242584, -156.311981",0,100,8.308
"71.244105, -156.421392","BARR","BARR_initSoil","71.244105, -156.421392",0,100,25.481
"71.246709, -156.395116","BARR","BARR_initSoil","71.246709, -156.395116",0,52,29.8076923076923
"71.247916, -156.444305","BARR","BARR_initSoil","71.247916, -156.444305",0,100,20.66
"71.25008, -156.485007","BARR","BARR_initSoil","71.25008, -156.485007",1,120,12.655
"71.250115, -156.527704","BARR","BARR_initSoil","71.250115, -156.527704",2,100,9.951
"71.251783, -156.451332","BARR","BARR_initSoil","71.251783, -156.451332",0,56,46.0285714285714
"71.252017, -156.509878","BARR","BARR_initSoil","71.252017, -156.509878",0,100,8.18
"71.253775, -156.380751","BARR","BARR_initSoil","71.253775, -156.380751",0,100,9.423
"71.2558, -156.5504","BARR","BARR_initSoil","71.2558, -156.5504",1,100,11.088
"71.263723, -156.603872","BARR","BARR_initSoil","71.263723, -156.603872",0,100,11.853
"71.267253, -156.562377","BARR","BARR_initSoil","71.267253, -156.562377",0,100,6.2
"71.2686559999999, -156.650984","BARR","BARR_initSoil","71.2686559999999, -156.650984",0,100,22.521
"71.298765, -156.648196","BARR","BARR_initSoil","71.298765, -156.648196",0,100,12.163
"71.30303, -156.623332","BARR","BARR_initSoil","71.30303, -156.623332",1,100,10.884
"71.306198, -156.639765","BARR","BARR_initSoil","71.306198, -156.639765",0,100,15.764
"71.30672, -156.616988","BARR","BARR_initSoil","71.30672, -156.616988",0,100,9.466
"71.316715, -156.620809","BARR","BARR_initSoil","71.316715, -156.620809",0,100,16.867
"71.281711, -156.650219","BARR",NA,"71.281711, -156.650219",1,180,9.64722222222222
"44.041571, -71.28692","BART","BART_initSoil","44.041571, -71.28692",0,100,9.787
"44.041738, -71.277599","BART","BART_initSoil","44.041738, -71.277599",0,100,8.141
"44.042903, -71.273126","BART","BART_initSoil","44.042903, -71.273126",0,100,11.867
"44.046089, -71.316317","BART","BART_initSoil","44.046089, -71.316317",0,100,1.351
"44.049319, -71.263643","BART","BART_initSoil","44.049319, -71.263643",0,80,19.79625
"44.050006, -71.296275","BART","BART_initSoil","44.050006, -71.296275",0,100,6.296
"44.050073, -71.26668","BART","BART_initSoil","44.050073, -71.26668",0,100,2.689
"44.052777, -71.263782","BART","BART_initSoil","44.052777, -71.263782",0,20,28.65
"44.053794, -71.308072","BART","BART_initSoil","44.053794, -71.308072",0,100,10.268
"44.05462, -71.282199","BART","BART_initSoil","44.05462, -71.282199",0,100,12.333
"44.057361, -71.305891","BART","BART_initSoil","44.057361, -71.305891",0,100,3.506
"44.057947, -71.261745","BART","BART_initSoil","44.057947, -71.261745",0,100,16.191
"44.058474, -71.277857","BART","BART_initSoil","44.058474, -71.277857",0,100,7.458
"44.06068, -71.262946","BART","BART_initSoil","44.06068, -71.262946",0,100,5.487
"44.069363, -71.286142","BART","BART_initSoil","44.069363, -71.286142",0,100,5.209
"44.06516, -71.28834","BART",NA,"44.06516, -71.28834",0,200,1.747
"42.244586, -99.6518","1","1","1",1,1,1
"40.01121612, -105.4630518","1","1","1",1,1,1
"40.01123129, -105.4635727","1","1","1",1,1,1
"40.01124764, -105.4645174","1","1","1",1,1,1
"40.01133506, -105.4650232","1","1","1",1,1,1
"40.01135032, -105.4640594","1","1","1",1,1,1
"40.01138871, -105.4651081","1","1","1",1,1,1
"40.01139851, -105.4637303","1","1","1",1,1,1
"40.01145107, -105.4624373","1","1","1",1,1,1
"40.01148233, -105.4654002","1","1","1",1,1,1
"40.01156179, -105.4623049","1","1","1",1,1,1
"40.01157051, -105.4622552","1","1","1",1,1,1
"40.01157998, -105.4622631","1","1","1",1,1,1
"40.01158006, -105.4657897","1","1","1",1,1,1
"40.01159792, -105.4620767","1","1","1",1,1,1
"40.0116177, -105.4620537","1","1","1",1,1,1
"40.01167059, -105.4661942","1","1","1",1,1,1
"40.01175265, -105.4660716","1","1","1",1,1,1
"40.01176975, -105.466092","1","1","1",1,1,1
"40.01178576, -105.4619487","1","1","1",1,1,1
"40.01179095, -105.4660872","1","1","1",1,1,1
"40.01180914, -105.4660579","1","1","1",1,1,1
"40.01182079, -105.4663301","1","1","1",1,1,1
"40.01182842, -105.4619747","1","1","1",1,1,1
"40.01190227, -105.4619498","1","1","1",1,1,1
"40.01190285, -105.4666235","1","1","1",1,1,1
"40.011971, -105.4659726","1","1","1",1,1,1
"40.01199631, -105.4619442","1","1","1",1,1,1
"40.01203805, -105.4659328","1","1","1",1,1,1
"40.01206513, -105.4680617","1","1","1",1,1,1
"40.01207443, -105.4671864","1","1","1",1,1,1
"40.01210125, -105.4618896","1","1","1",1,1,1
"40.01210159, -105.467361","1","1","1",1,1,1
"40.01212757, -105.4683934","1","1","1",1,1,1
"40.0121357, -105.4658823","1","1","1",1,1,1
"40.01214081, -105.4618832","1","1","1",1,1,1
"40.01218809, -105.4676102","1","1","1",1,1,1
"40.01220862, -105.4658152","1","1","1",1,1,1
"40.01224156, -105.4619105","1","1","1",1,1,1
"40.01229764, -105.4658774","1","1","1",1,1,1
"40.01230024, -105.4693296","1","1","1",1,1,1
"40.01231331, -105.4685933","1","1","1",1,1,1
"40.01232756, -105.4619242","1","1","1",1,1,1
"40.01236377, -105.4619059","1","1","1",1,1,1
"40.01238733, -105.4692901","1","1","1",1,1,1
"40.0123937, -105.4692903","1","1","1",1,1,1
"40.01239604, -105.4692848","1","1","1",1,1,1
"40.012403, -105.4692643","1","1","1",1,1,1
"40.01243502, -105.4619441","1","1","1",1,1,1
"40.01246419, -105.4657762","1","1","1",1,1,1
"40.01246796, -105.4692207","1","1","1",1,1,1
"40.01248481, -105.4689279","1","1","1",1,1,1
"40.01254675, -105.4618913","1","1","1",1,1,1
"40.01257307, -105.464858","1","1","1",1,1,1
"40.01258539, -105.464476","1","1","1",1,1,1
"40.01262831, -105.469152","1","1","1",1,1,1
"40.01262973, -105.4627197","1","1","1",1,1,1
"40.01263007, -105.4629489","1","1","1",1,1,1
"40.01264364, -105.4650349","1","1","1",1,1,1
"40.01264876, -105.4634412","1","1","1",1,1,1
"40.01265228, -105.4618331","1","1","1",1,1,1
"40.01265421, -105.462403","1","1","1",1,1,1
"40.01266561, -105.4618364","1","1","1",1,1,1
"40.01269176, -105.4670495","1","1","1",1,1,1
"40.01269318, -105.4657067","1","1","1",1,1,1
"40.01270894, -105.4635137","1","1","1",1,1,1
"40.01271171, -105.4691503","1","1","1",1,1,1
"40.01274113, -105.4657022","1","1","1",1,1,1
"40.01276619, -105.4640191","1","1","1",1,1,1
"40.01288194, -105.4658676","1","1","1",1,1,1
"40.01289384, -105.4654823","1","1","1",1,1,1
"40.01290156, -105.4654792","1","1","1",1,1,1
"40.01291664, -105.4690952","1","1","1",1,1,1
"40.0129661, -105.4691186","1","1","1",1,1,1
"40.01299753, -105.4664483","1","1","1",1,1,1
"40.01300423, -105.4653546","1","1","1",1,1,1
"40.01303927, -105.4690911","1","1","1",1,1,1
"40.01304178, -105.4679598","1","1","1",1,1,1
"40.01304983, -105.4676651","1","1","1",1,1,1
"40.01308411, -105.4654181","1","1","1",1,1,1
"40.01311814, -105.469118","1","1","1",1,1,1
"40.01312016, -105.4654275","1","1","1",1,1,1
"40.01312125, -105.4683325","1","1","1",1,1,1
"40.01319425, -105.46866","1","1","1",1,1,1
"40.0132054, -105.469121","1","1","1",1,1,1
"40.01329534, -105.4691124","1","1","1",1,1,1
"40.01338704, -105.4691292","1","1","1",1,1,1
"40.01346105, -105.4691023","1","1","1",1,1,1
"40.01354738, -105.4691136","1","1","1",1,1,1
"40.01364252, -105.469089","1","1","1",1,1,1
"40.01986507, -105.4783176","1","1","1",1,1,1
"40.01991159, -105.4785448","1","1","1",1,1,1
"40.01999952, -105.4792244","1","1","1",1,1,1
"40.0200084, -105.478886","1","1","1",1,1,1
"40.02005467, -105.4794573","1","1","1",1,1,1
"40.02005878, -105.4798135","1","1","1",1,1,1
"40.02009625, -105.4796337","1","1","1",1,1,1
"40.02014964, -105.4801569","1","1","1",1,1,1
"40.02017361, -105.4804164","1","1","1",1,1,1
"40.02017939, -105.4838951","1","1","1",1,1,1
"40.02020404, -105.4795467","1","1","1",1,1,1
"40.02024, -105.4795343","1","1","1",1,1,1
"40.02028408, -105.4838311","1","1","1",1,1,1
"40.02028937, -105.4805782","1","1","1",1,1,1
"40.02031141, -105.4808222","1","1","1",1,1,1
"40.02033329, -105.4795286","1","1","1",1,1,1
"40.02038609, -105.4811937","1","1","1",1,1,1
"40.02039447, -105.4818124","1","1","1",1,1,1
"40.02039464, -105.4821036","1","1","1",1,1,1
"40.02039716, -105.4838056","1","1","1",1,1,1
"40.02041778, -105.4814788","1","1","1",1,1,1
"40.02044183, -105.4826801","1","1","1",1,1,1
"40.02044485, -105.4824121","1","1","1",1,1,1
"40.02045214, -105.479544","1","1","1",1,1,1
"40.02047821, -105.4795333","1","1","1",1,1,1
"40.02054568, -105.4832339","1","1","1",1,1,1
"40.02055239, -105.4830551","1","1","1",1,1,1
"40.02062757, -105.4794513","1","1","1",1,1,1
"40.0206321, -105.4836993","1","1","1",1,1,1
"40.02064702, -105.4836279","1","1","1",1,1,1
"40.02067351, -105.4836464","1","1","1",1,1,1
"40.02067611, -105.4835374","1","1","1",1,1,1
"40.02072615, -105.4834192","1","1","1",1,1,1
"40.02074408, -105.4794648","1","1","1",1,1,1
"40.02080712, -105.4836285","1","1","1",1,1,1
"40.02083318, -105.4794443","1","1","1",1,1,1
"40.02090585, -105.4836","1","1","1",1,1,1
"40.02090912, -105.479434","1","1","1",1,1,1
"40.02096126, -105.483578","1","1","1",1,1,1
"40.02099236, -105.4833232","1","1","1",1,1,1
"40.02100468, -105.4794222","1","1","1",1,1,1
"40.0210206, -105.4835685","1","1","1",1,1,1
"40.02106947, -105.4783143","1","1","1",1,1,1
"40.02107232, -105.4830249","1","1","1",1,1,1
"40.02109755, -105.4794229","1","1","1",1,1,1
"40.0211102, -105.477886","1","1","1",1,1,1
"40.0211299, -105.4788721","1","1","1",1,1,1
"40.02113267, -105.4835399","1","1","1",1,1,1
"40.02113627, -105.47995","1","1","1",1,1,1
"40.02113703, -105.4786203","1","1","1",1,1,1
"40.02115807, -105.479677","1","1","1",1,1,1
"40.02117215, -105.4794347","1","1","1",1,1,1
"40.02120836, -105.4828531","1","1","1",1,1,1
"40.0212097, -105.480257","1","1","1",1,1,1
"40.02124993, -105.4809146","1","1","1",1,1,1
"40.02125178, -105.4834711","1","1","1",1,1,1
"40.02127248, -105.4794195","1","1","1",1,1,1
"40.02128254, -105.4805138","1","1","1",1,1,1
"40.0212905, -105.4780982","1","1","1",1,1,1
"40.02129209, -105.4811463","1","1","1",1,1,1
"40.02130031, -105.4835132","1","1","1",1,1,1
"40.02131355, -105.4819955","1","1","1",1,1,1
"40.02134389, -105.4817469","1","1","1",1,1,1
"40.0213516, -105.4833376","1","1","1",1,1,1
"40.02136267, -105.4825949","1","1","1",1,1,1
"40.02136434, -105.4794052","1","1","1",1,1,1
"40.02137541, -105.4822743","1","1","1",1,1,1
"40.02141044, -105.4783769","1","1","1",1,1,1
"40.02141497, -105.4833459","1","1","1",1,1,1
"40.0214174, -105.4786546","1","1","1",1,1,1
"40.02146602, -105.4793975","1","1","1",1,1,1
"40.02147197, -105.4793994","1","1","1",1,1,1
"40.02150315, -105.4788719","1","1","1",1,1,1
"40.02152109, -105.4833408","1","1","1",1,1,1
"40.02152385, -105.4792472","1","1","1",1,1,1
"40.0215438, -105.4794064","1","1","1",1,1,1
"40.02159267, -105.4795209","1","1","1",1,1,1
"40.02163349, -105.4833251","1","1","1",1,1,1
"40.02166685, -105.4797887","1","1","1",1,1,1
"40.02168152, -105.4793949","1","1","1",1,1,1
"40.02171739, -105.4833442","1","1","1",1,1,1
"40.02173633, -105.4793904","1","1","1",1,1,1
"40.02175259, -105.4830111","1","1","1",1,1,1
"40.02177841, -105.4801025","1","1","1",1,1,1
"40.02180682, -105.4805073","1","1","1",1,1,1
"40.02181093, -105.4812945","1","1","1",1,1,1
"40.02181336, -105.4810209","1","1","1",1,1,1
"40.02182376, -105.4807933","1","1","1",1,1,1
"40.02182392, -105.4827475","1","1","1",1,1,1
"40.02183826, -105.4824373","1","1","1",1,1,1
"40.02184999, -105.4815593","1","1","1",1,1,1
"40.02186759, -105.4821409","1","1","1",1,1,1
"40.02190288, -105.4818456","1","1","1",1,1,1
"39.1, -76.3","BES","BES_forest_lawn","39.1, -76.3",0,100,0.63764284906727
"39.058572, -78.073304","BLAN","BLAN_initSoil","39.058572, -78.073304",0,100,0.554
"39.058808, -78.070547","BLAN","BLAN_initSoil","39.058808, -78.070547",0,100,0.568
"39.082049, -77.961087","BLAN","BLAN_initSoil","39.082049, -77.961087",0,100,0.464
"39.083999, -77.963812","BLAN","BLAN_initSoil","39.083999, -77.963812",0,100,0.58
"39.084853, -77.965125","BLAN","BLAN_initSoil","39.084853, -77.965125",0,100,0.415
"39.086352, -77.960562","BLAN","BLAN_initSoil","39.086352, -77.960562",0,100,0.509
"39.086358, -77.970995","BLAN","BLAN_initSoil","39.086358, -77.970995",0,100,0.662
"39.086429, -77.96365","BLAN","BLAN_initSoil","39.086429, -77.96365",0,100,0.369
"39.087236, -77.974007","BLAN","BLAN_initSoil","39.087236, -77.974007",0,100,0.541
"39.087455, -77.971943","BLAN","BLAN_initSoil","39.087455, -77.971943",0,100,0.408
"39.087543, -77.954621","BLAN","BLAN_initSoil","39.087543, -77.954621",0,100,0.392
"39.087842, -77.966034","BLAN","BLAN_initSoil","39.087842, -77.966034",0,100,0.885
"39.087923, -77.958384","BLAN","BLAN_initSoil","39.087923, -77.958384",0,100,0.668
"39.092296, -77.980761","BLAN","BLAN_initSoil","39.092296, -77.980761",0,100,0.7
"39.100938, -77.980394","BLAN","BLAN_initSoil","39.100938, -77.980394",0,100,0.66
"39.06044, -78.07115","BLAN",NA,"39.06044, -78.07115",0,200,0.6635
"39.972022, -105.233544","1","1","1",1,1,1
"44.27668543, -121.9680169","1","1","1",1,1,1
"63.883056, -149.225556","BNZ","Carbon in Permafrost Experimental Heating Research (CiPEHR)","63.883056, -149.225556",0,85,22.2660294117647
"63.880708, -149.239569","2","2","2",2,2,2
"64.89593, -148.4534","2","2","2",2,2,2
"64.9629, -144.9734","2","2","2",2,2,2
"-36.874, 147.254","1","1","1",1,1,1
"65.151634, -147.456572","BONA","BONA_initSoil","65.151634, -147.456572",0,58,7.81034482758621
"65.15664, -147.569321","BONA","BONA_initSoil","65.15664, -147.569321",0,78,7.04102564102564
"65.1575, -147.47842","BONA","BONA_initSoil","65.1575, -147.47842",0,110,9.50363636363636
"65.157503, -147.473951","BONA","BONA_initSoil","65.157503, -147.473951",0,95,13.9052631578947
"65.162994, -147.595649","BONA","BONA_initSoil","65.162994, -147.595649",0,100,4.72
"65.163534, -147.527149","BONA","BONA_initSoil","65.163534, -147.527149",0,110,4.97272727272727
"65.16574, -147.511226","BONA","BONA_initSoil","65.16574, -147.511226",0,100,7.206
"65.174454, -147.478134","BONA","BONA_initSoil","65.174454, -147.478134",0,76,9.18815789473684
"65.176793, -147.501859","BONA","BONA_initSoil","65.176793, -147.501859",0,80,6.61
"65.17688, -147.559452","BONA","BONA_initSoil","65.17688, -147.559452",0,80,6.17
"65.176958, -147.45573","BONA","BONA_initSoil","65.176958, -147.45573",0,110,7.95090909090909
"65.193366, -147.537397","BONA","BONA_initSoil","65.193366, -147.537397",0,70,10.06
"65.193678, -147.444473","BONA","BONA_initSoil","65.193678, -147.444473",0,68,9.07205882352941
"65.1984, -147.481092","BONA","BONA_initSoil","65.1984, -147.481092",0,67,7.71791044776119
"65.199927, -147.507406","BONA","BONA_initSoil","65.199927, -147.507406",0,75,13.716
"65.201069, -147.486275","BONA","BONA_initSoil","65.201069, -147.486275",0,120,10.0841666666667
"65.15333, -147.50194","BONA",NA,"65.15333, -147.50194",0,193,5.68238341968912
"41.6, -79","BOU","Bousson Environmental Research Reserve","41.6, -79",0,50,3.3354
"44.27951804, -121.9566829","1","1","1",1,1,1
"-26.892138, 151.606667","1","1","1",1,1,1
"-27.734896, 151.139517","1","1","1",1,1,1
"53.072023, -8.992624","1","1","1",1,1,1
"33.448376, -112.074036","1","1","1",1,1,1
"41.78506667, -93.38538333","1","1","1",1,1,1
"34.54195654, -81.7549352","1","1","1",1,1,1
"34.54244469, -81.75571705","1","1","1",1,1,1
"34.58868336, -81.65763242","1","1","1",1,1,1
"34.59823622, -81.6758106","1","1","1",1,1,1
"34.6064219, -81.72332296","1","1","1",1,1,1
"34.64748149, -81.73291812","1","1","1",1,1,1
"45.425, -93.2115","1","1","1",1,1,1
"41.2, -101.63","1","1","1",1,1,1
"45.4, -93.2","1","1","1",1,1,1
"48.28, 2.66","1","1","1",1,1,1
"-36.275556, -58.265556","1","1","1",1,1,1
"33.321251, -97.57765","CLBJ","CLBJ_initSoil","33.321251, -97.57765",0,26,0.830769230769231
"33.329427, -97.583638","CLBJ","CLBJ_initSoil","33.329427, -97.583638",0,206,0.316504854368932
"33.369609, -97.594596","CLBJ","CLBJ_initSoil","33.369609, -97.594596",0,201,0.0497512437810945
"33.374568, -97.578391","CLBJ","CLBJ_initSoil","33.374568, -97.578391",0,201,0.291542288557214
"33.37569, -97.631908","CLBJ","CLBJ_initSoil","33.37569, -97.631908",0,206,0.222330097087379
"33.379385, -97.622498","CLBJ","CLBJ_initSoil","33.379385, -97.622498",0,223,0.257847533632287
"33.392969, -97.579058","CLBJ","CLBJ_initSoil","33.392969, -97.579058",0,147,0.238095238095238
"33.399631, -97.619581","CLBJ","CLBJ_initSoil","33.399631, -97.619581",0,204,0.454901960784314
"33.408388, -97.603649","CLBJ","CLBJ_initSoil","33.408388, -97.603649",0,207,0.238164251207729
"33.413367, -97.635828","CLBJ","CLBJ_initSoil","33.413367, -97.635828",0,212,0.191981132075472
"33.416293, -97.657079","CLBJ","CLBJ_initSoil","33.416293, -97.657079",0,203,0.25615763546798
"33.40143, -97.56725","CLBJ",NA,"33.40143, -97.56725",0,147,0.272108843537415
"38.82928, -8.791406","1","1","1",1,1,1
"48.8088, -123.6301","1","1","1",1,1,1
"40.785746, -104.707657","CPER","CPER_initSoil","40.785746, -104.707657",0,100,0.362
"40.798116, -104.684496","CPER","CPER_initSoil","40.798116, -104.684496",0,100,0.364
"40.798822, -104.749212","CPER","CPER_initSoil","40.798822, -104.749212",0,100,0.525
"40.800962, -104.741743","CPER","CPER_initSoil","40.800962, -104.741743",0,100,0.471
"40.802126, -104.771251","CPER","CPER_initSoil","40.802126, -104.771251",0,100,0.518
"40.804501, -104.756306","CPER","CPER_initSoil","40.804501, -104.756306",0,100,0.361
"40.807905, -104.697947","CPER","CPER_initSoil","40.807905, -104.697947",0,100,0.273
"40.810934, -104.729248","CPER","CPER_initSoil","40.810934, -104.729248",0,100,0.414
"40.821979, -104.71284","CPER","CPER_initSoil","40.821979, -104.71284",0,100,1.077
"40.824819, -104.785759","CPER","CPER_initSoil","40.824819, -104.785759",0,100,0.509
"40.825715, -104.695047","CPER","CPER_initSoil","40.825715, -104.695047",0,100,0.472
"40.842486, -104.698179","CPER","CPER_initSoil","40.842486, -104.698179",0,100,0.425
"40.850866, -104.699535","CPER","CPER_initSoil","40.850866, -104.699535",0,100,0.313
"40.853093, -104.728006","CPER","CPER_initSoil","40.853093, -104.728006",0,100,0.424
"40.853133, -104.744736","CPER","CPER_initSoil","40.853133, -104.744736",0,100,0.318
"40.856261, -104.691691","CPER","CPER_initSoil","40.856261, -104.691691",0,100,0.335
"40.861915, -104.683832","CPER","CPER_initSoil","40.861915, -104.683832",0,100,0.318
"40.81297, -104.74455","CPER",NA,"40.81297, -104.74455",0,200,0.28
"35.059725, -83.43055556","2","2","2",2,2,2
"35.05973, -83.43056","CWT","Coweeta basin","35.05973, -83.43056",0,30,0.0226474172380952
"47.119264, -99.057536","DCFS","DCFS_initSoil","47.119264, -99.057536",0,93,2.08924731182796
"47.155078, -99.10658","DCFS","DCFS_initSoil","47.155078, -99.10658",0,100,0.924
"47.156969, -99.114094","DCFS","DCFS_initSoil","47.156969, -99.114094",0,80,1.64625
"47.163429, -99.115691","DCFS","DCFS_initSoil","47.163429, -99.115691",0,104,1.34038461538462
"47.16475, -99.110683","DCFS","DCFS_initSoil","47.16475, -99.110683",0,100,1.88
"47.169401, -99.056798","DCFS","DCFS_initSoil","47.169401, -99.056798",0,74,2.01621621621622
"47.171017, -99.056402","DCFS","DCFS_initSoil","47.171017, -99.056402",0,100,0.935
"47.171565, -99.051268","DCFS","DCFS_initSoil","47.171565, -99.051268",0,100,0.818
"47.199472, -99.173897","DCFS","DCFS_initSoil","47.199472, -99.173897",0,100,2.431
"47.202167, -99.173924","DCFS","DCFS_initSoil","47.202167, -99.173924",0,108,1.74351851851852
"47.20566, -99.175504","DCFS","DCFS_initSoil","47.20566, -99.175504",0,100,1.19
"47.207842, -99.16681","DCFS","DCFS_initSoil","47.207842, -99.16681",0,100,1.525
"47.209998, -99.171961","DCFS","DCFS_initSoil","47.209998, -99.171961",0,100,1.134
"47.210807, -99.170778","DCFS","DCFS_initSoil","47.210807, -99.170778",0,63,1.31904761904762
"47.15919, -99.11251","DCFS",NA,"47.15919, -99.11251",0,200,1.1105
"63.831139, -145.747612","DEJU","DEJU_initSoil","63.831139, -145.747612",1,100,1.216
"63.837932, -145.755235","DEJU","DEJU_initSoil","63.837932, -145.755235",1,100,1.042
"63.839966, -145.742379","DEJU","DEJU_initSoil","63.839966, -145.742379",1,100,0.44
"63.857875, -145.759874","DEJU","DEJU_initSoil","63.857875, -145.759874",1,100,0.231
"63.866754, -145.726499","DEJU","DEJU_initSoil","63.866754, -145.726499",1,100,0.475
"63.874251, -145.721887","DEJU","DEJU_initSoil","63.874251, -145.721887",0,100,14.732
"63.880889, -145.742977","DEJU","DEJU_initSoil","63.880889, -145.742977",1,100,0.692
"63.880982, -145.723425","DEJU","DEJU_initSoil","63.880982, -145.723425",1,100,0.558
"63.883388, -145.780721","DEJU","DEJU_initSoil","63.883388, -145.780721",1,100,0.297
"63.887095, -145.77447","DEJU","DEJU_initSoil","63.887095, -145.77447",1,100,1.31
"63.8944819999999, -145.756391","DEJU","DEJU_initSoil","63.8944819999999, -145.756391",1,100,0.358
"63.896283, -145.77832","DEJU","DEJU_initSoil","63.896283, -145.77832",1,100,0.54
"63.896876, -145.75386","DEJU","DEJU_initSoil","63.896876, -145.75386",0,100,0.87
"63.897474, -145.761176","DEJU","DEJU_initSoil","63.897474, -145.761176",1,100,0.819
"63.912331, -145.766038","DEJU","DEJU_initSoil","63.912331, -145.766038",0,100,1.305
"63.92112, -145.787666","DEJU","DEJU_initSoil","63.92112, -145.787666",1,100,0.429
"63.934644, -145.761389","DEJU","DEJU_initSoil","63.934644, -145.761389",1,100,0.603
"63.937523, -145.751463","DEJU","DEJU_initSoil","63.937523, -145.751463",1,100,0.503
"63.87983, -145.74765","DEJU",NA,"63.87983, -145.74765",0,300,0.568
"32.520326, -87.817136","DELA","DELA_initSoil","32.520326, -87.817136",0,100,0.932
"32.523344, -87.814623","DELA","DELA_initSoil","32.523344, -87.814623",0,100,0.976
"32.525211, -87.817496","DELA","DELA_initSoil","32.525211, -87.817496",0,100,1.543
"32.526813, -87.819123","DELA","DELA_initSoil","32.526813, -87.819123",0,100,1.136
"32.528739, -87.813392","DELA","DELA_initSoil","32.528739, -87.813392",0,100,0.825
"32.529787, -87.818196","DELA","DELA_initSoil","32.529787, -87.818196",0,90,0.823333333333333
"32.529805, -87.810518","DELA","DELA_initSoil","32.529805, -87.810518",1,100,0.644
"32.532488, -87.818528","DELA","DELA_initSoil","32.532488, -87.818528",0,90,0.793333333333333
"32.534097, -87.816944","DELA","DELA_initSoil","32.534097, -87.816944",0,100,1.075
"32.534935, -87.81503","DELA","DELA_initSoil","32.534935, -87.81503",0,90,0.824444444444444
"32.535516, -87.811465","DELA","DELA_initSoil","32.535516, -87.811465",0,100,0.718
"32.535525, -87.809899","DELA","DELA_initSoil","32.535525, -87.809899",0,100,0.855
"32.535808, -87.808003","DELA","DELA_initSoil","32.535808, -87.808003",0,100,0.845
"32.53881, -87.804512","DELA","DELA_initSoil","32.53881, -87.804512",0,101,0.971287128712871
"32.538831, -87.80134","DELA","DELA_initSoil","32.538831, -87.80134",0,100,0.665
"32.539626, -87.801969","DELA","DELA_initSoil","32.539626, -87.801969",0,100,0.88
"32.540079, -87.814097","DELA","DELA_initSoil","32.540079, -87.814097",0,97,0.855670103092783
"32.540456, -87.800089","DELA","DELA_initSoil","32.540456, -87.800089",0,100,0.886
"32.540703, -87.807742","DELA","DELA_initSoil","32.540703, -87.807742",0,100,0.848
"32.541444, -87.812539","DELA","DELA_initSoil","32.541444, -87.812539",0,90,0.663333333333333
"32.542291, -87.806805","DELA","DELA_initSoil","32.542291, -87.806805",0,100,0.808
"32.54092, -87.80341","DELA",NA,"32.54092, -87.80341",0,200,0.6735
"-37.80694444, 144.7913889","1","1","1",1,1,1
"28.039641, -81.393323","DSNY","DSNY_initSoil","28.039641, -81.393323",0,102,0.562745098039216
"28.048244, -81.416879","DSNY","DSNY_initSoil","28.048244, -81.416879",0,135,0.78
"28.060517, -81.384553","DSNY","DSNY_initSoil","28.060517, -81.384553",0,203,0.188669950738916
"28.061213, -81.426376","DSNY","DSNY_initSoil","28.061213, -81.426376",0,104,0.448076923076923
"28.070798, -81.383974","DSNY","DSNY_initSoil","28.070798, -81.383974",0,142,1.81408450704225
"28.073118, -81.428559","DSNY","DSNY_initSoil","28.073118, -81.428559",0,147,0.727891156462585
"28.074836, -81.394674","DSNY","DSNY_initSoil","28.074836, -81.394674",0,140,0.131428571428571
"28.083234, -81.39226","DSNY","DSNY_initSoil","28.083234, -81.39226",0,152,0.167105263157895
"28.09214, -81.405133","DSNY","DSNY_initSoil","28.09214, -81.405133",0,203,0.738423645320197
"28.092969, -81.399332","DSNY","DSNY_initSoil","28.092969, -81.399332",0,119,0.0932773109243697
"28.094781, -81.423147","DSNY","DSNY_initSoil","28.094781, -81.423147",0,115,0.569565217391304
"28.0967, -81.418579","DSNY","DSNY_initSoil","28.0967, -81.418579",0,130,0.247692307692308
"28.099732, -81.399974","DSNY","DSNY_initSoil","28.099732, -81.399974",0,107,1.9392523364486
"28.111847, -81.42168","DSNY","DSNY_initSoil","28.111847, -81.42168",0,115,0.983478260869565
"28.11859, -81.435161","DSNY","DSNY_initSoil","28.11859, -81.435161",0,152,1.04736842105263
"28.126189, -81.433661","DSNY","DSNY_initSoil","28.126189, -81.433661",0,114,0.684210526315789
"28.12919, -81.43394","DSNY",NA,"28.12919, -81.43394",0,200,0.496
"39.7394, -123.6308","Eel","Angelo Reserve South Meadow, CA","39.7394, -123.6308",0,50,1.2066151724
"32.875, -117.052243","1","1","1",1,1,1
"-23.7563333, 138.4742833","1","1","1",1,1,1
"-23.63861, 138.39897","1","1","1",1,1,1
"44.4097, -123.28","1","1","1",1,1,1
"47.113187, 8.541821","1","1","1",1,1,1
"-29.28424, 30.29174","1","1","1",1,1,1
"46.86877222, -123.0343556","1","1","1",1,1,1
"35.589784, -83.47552","GRSM","GRSM_initSoil","35.589784, -83.47552",0,58,6.46551724137931
"35.669921, -83.522389","GRSM","GRSM_initSoil","35.669921, -83.522389",1,53,0.828301886792453
"35.67043, -83.587373","GRSM","GRSM_initSoil","35.67043, -83.587373",1,39,5.14358974358974
"35.670776, -83.481656","GRSM","GRSM_initSoil","35.670776, -83.481656",0,72,4.07083333333333
"35.670878, -83.489979","GRSM","GRSM_initSoil","35.670878, -83.489979",0,80,2.40625
"35.676611, -83.474556","GRSM","GRSM_initSoil","35.676611, -83.474556",0,84,7.32738095238095
"35.678735, -83.64235","GRSM","GRSM_initSoil","35.678735, -83.64235",1,51,4.25098039215686
"35.678899, -83.645322","GRSM","GRSM_initSoil","35.678899, -83.645322",1,53,0.852830188679245
"35.68354, -83.644158","GRSM","GRSM_initSoil","35.68354, -83.644158",1,37,10.1864864864865
"35.684584, -83.532113","GRSM","GRSM_initSoil","35.684584, -83.532113",0,80,2.24125
"35.685732, -83.397952","GRSM","GRSM_initSoil","35.685732, -83.397952",0,89,2.92921348314607
"35.68687, -83.513991","GRSM","GRSM_initSoil","35.68687, -83.513991",0,83,3.38674698795181
"35.703464, -83.361009","GRSM","GRSM_initSoil","35.703464, -83.361009",1,100,1.444
"35.68839, -83.50185","2","2","2",2,2,2
"17.951583, -66.899038","GUAN","GUAN_initSoil","17.951583, -66.899038",0,100,8.939
"17.954237, -66.892766","GUAN","GUAN_initSoil","17.954237, -66.892766",0,100,3.686
"17.955704, -66.852256","GUAN","GUAN_initSoil","17.955704, -66.852256",0,30,29.2066666666667
"17.957936, -66.833839","GUAN","GUAN_initSoil","17.957936, -66.833839",0,100,4.266
"17.961653, -66.900614","GUAN","GUAN_initSoil","17.961653, -66.900614",0,24,8.20833333333333
"17.963662, -66.837731","1","1","1",1,1,1
"17.963818, -66.875668","GUAN","GUAN_initSoil","17.963818, -66.875668",0,100,6.063
"17.965518, -66.835162","1","1","1",1,1,1
"17.965762, -66.832036","GUAN","GUAN_initSoil","17.965762, -66.832036",0,40,9.36
"17.967958, -66.884676","GUAN","GUAN_initSoil","17.967958, -66.884676",0,100,2.349
"17.969254, -66.85267","GUAN","GUAN_initSoil","17.969254, -66.85267",0,23,8.81304347826087
"17.970294, -66.824633","GUAN","GUAN_initSoil","17.970294, -66.824633",0,19,14.7526315789474
"17.972441, -66.871318","GUAN","GUAN_initSoil","17.972441, -66.871318",0,100,4.983
"17.97277, -66.851235","GUAN","GUAN_initSoil","17.97277, -66.851235",0,100,1.422
"17.973133, -66.861701","GUAN","GUAN_initSoil","17.973133, -66.861701",0,35,15.4714285714286
"17.976917, -66.861915","GUAN","GUAN_initSoil","17.976917, -66.861915",0,100,4.407
"17.97943, -66.867833","GUAN","GUAN_initSoil","17.97943, -66.867833",0,100,1.568
"17.983631, -66.879113","GUAN","GUAN_initSoil","17.983631, -66.879113",0,20,9.975
"17.96882, -66.86888","GUAN",NA,"17.96882, -66.86888",0,200,1.0375
"36.871944, -86.70167","1","1","1",1,1,1
"42.723745, -119.49767","1","1","1",1,1,1
"42.39229, -72.25461","HARV","HARV_initSoil","42.39229, -72.25461",0,97,2.75051546391753
"42.403097, -72.253722","HARV","HARV_initSoil","42.403097, -72.253722",0,135,2.80592592592593
"42.42305, -72.219","HARV","HARV_initSoil","42.42305, -72.219",0,112,3.61428571428571
"42.424254, -72.258286","HARV","HARV_initSoil","42.424254, -72.258286",0,100,2.589
"42.430357, -72.253256","HARV","HARV_initSoil","42.430357, -72.253256",0,100,2.35
"42.432283, -72.232027","HARV","HARV_initSoil","42.432283, -72.232027",0,100,2.975
"42.434194, -72.198778","HARV","HARV_initSoil","42.434194, -72.198778",0,155,2.2341935483871
"42.444569, -72.22608","HARV","HARV_initSoil","42.444569, -72.22608",0,115,5.70173913043478
"42.45244, -72.2505","HARV","HARV_initSoil","42.45244, -72.2505",0,106,3.65943396226415
"42.455939, -72.238279","HARV","HARV_initSoil","42.455939, -72.238279",0,105,2.26285714285714
"42.460002, -72.250871","HARV","HARV_initSoil","42.460002, -72.250871",0,104,57.9115384615385
"42.466468, -72.237447","HARV","HARV_initSoil","42.466468, -72.237447",0,106,2.85283018867925
"42.46751, -72.2601","HARV","HARV_initSoil","42.46751, -72.2601",0,104,1.69519230769231
"42.46976, -72.2523","HARV","HARV_initSoil","42.46976, -72.2523",0,120,2.58166666666667
"42.48082, -72.2754","HARV","HARV_initSoil","42.48082, -72.2754",0,105,1.18285714285714
"42.481748, -72.267082","HARV","HARV_initSoil","42.481748, -72.267082",0,132,1.71287878787879
"42.48948, -72.2752","HARV","HARV_initSoil","42.48948, -72.2752",0,100,4.255
"42.53883, -72.182056","HARV","HARV_initSoil","42.53883, -72.182056",0,100,3.305
"42.53562, -72.17562","HARV",NA,"42.53562, -72.17562",0,160,1.799375
"43.956, -71.73","HBR","Watershed 1","43.956, -71.73",1,0,Inf
"43.953, -71.74","2","2","2",2,2,2
"63.862657, -149.249125","HEAL","HEAL_initSoil","63.862657, -149.249125",0,60,24.2716666666667
"63.866487, -149.260447","HEAL","HEAL_initSoil","63.866487, -149.260447",0,80,6.37
"63.867913, -149.2557","HEAL","HEAL_initSoil","63.867913, -149.2557",0,60,9.50166666666667
"63.869587, -149.287603","HEAL","HEAL_initSoil","63.869587, -149.287603",0,90,18.9822222222222
"63.869787, -149.256455","HEAL","HEAL_initSoil","63.869787, -149.256455",0,60,13.1966666666667
"63.869816, -149.272955","HEAL","HEAL_initSoil","63.869816, -149.272955",0,120,24.885
"63.871137, -149.240038","HEAL","HEAL_initSoil","63.871137, -149.240038",0,60,5.315
"63.871707, -149.271288","HEAL","HEAL_initSoil","63.871707, -149.271288",1,80,5.245
"63.872775, -149.220656","HEAL","HEAL_initSoil","63.872775, -149.220656",0,70,15.3
"63.873367, -149.216447","HEAL","HEAL_initSoil","63.873367, -149.216447",0,70,17.3885714285714
"63.875485, -149.21903","HEAL","HEAL_initSoil","63.875485, -149.21903",0,80,22.13125
"63.877347, -149.202686","HEAL","HEAL_initSoil","63.877347, -149.202686",0,80,26.70875
"63.878349, -149.27729","HEAL","HEAL_initSoil","63.878349, -149.27729",0,60,29.8716666666667
"63.886716, -149.18997","HEAL","HEAL_initSoil","63.886716, -149.18997",0,80,19.76875
"63.887475, -149.212621","HEAL","HEAL_initSoil","63.887475, -149.212621",0,90,10.5355555555556
"63.8798, -149.21539","HEAL",NA,"63.8798, -149.21539",0,84,19.2285714285714
"42.53, -72.19","2","2","2",2,2,2
"42.54, -72.18","HFR","Prospect Hill","42.54, -72.18",0,50,3.10623333333333
"43.41927, -72.13806","1","1","1",1,1,1
"37.417, -75.686","2","2","2",2,2,2
"50.93333333, 11.53333333","1","1","1",1,1,1
"31.175756, -84.469063","JERC","JERC_initSoil","31.175756, -84.469063",0,100,0.818
"31.178467, -84.469947","JERC","JERC_initSoil","31.178467, -84.469947",0,100,0.498
"31.180683, -84.472099","JERC","JERC_initSoil","31.180683, -84.472099",0,100,0.21
"31.18271, -84.477999","JERC","JERC_initSoil","31.18271, -84.477999",0,100,1.051
"31.183309, -84.454718","JERC","JERC_initSoil","31.183309, -84.454718",0,100,0.645
"31.185096, -84.476067","JERC","JERC_initSoil","31.185096, -84.476067",0,100,0.499
"31.186762, -84.464378","JERC","JERC_initSoil","31.186762, -84.464378",0,100,0.362
"31.187433, -84.470662","JERC","JERC_initSoil","31.187433, -84.470662",0,100,0.488
"31.187672, -84.455851","JERC","JERC_initSoil","31.187672, -84.455851",0,100,0.453
"31.190607, -84.454212","JERC","JERC_initSoil","31.190607, -84.454212",0,100,0.538
"31.192001, -84.456043","JERC","JERC_initSoil","31.192001, -84.456043",0,100,0.456
"31.194506, -84.460063","JERC","JERC_initSoil","31.194506, -84.460063",0,100,0.649
"31.194989, -84.456904","JERC","JERC_initSoil","31.194989, -84.456904",0,100,0.597
"31.195153, -84.450927","JERC","JERC_initSoil","31.195153, -84.450927",0,100,0.458
"31.195967, -84.451227","JERC","JERC_initSoil","31.195967, -84.451227",0,100,0.57
"31.19615, -84.473242","JERC","JERC_initSoil","31.19615, -84.473242",0,100,0.646
"31.196457, -84.461913","JERC","JERC_initSoil","31.196457, -84.461913",0,100,0.307
"31.196492, -84.464109","JERC","JERC_initSoil","31.196492, -84.464109",0,100,0.395
"31.197571, -84.491486","JERC","JERC_initSoil","31.197571, -84.491486",0,100,0.645
"31.198437, -84.467181","JERC","JERC_initSoil","31.198437, -84.467181",0,100,0.21
"31.202452, -84.464588","JERC","JERC_initSoil","31.202452, -84.464588",0,105,0.240952380952381
"31.208222, -84.469495","JERC","JERC_initSoil","31.208222, -84.469495",0,100,0.309
"31.210377, -84.468464","JERC","JERC_initSoil","31.210377, -84.468464",0,100,0.59
"31.19608, -84.46647","JERC",NA,"31.19608, -84.46647",0,200,0.2045
"32.59052, -106.84377","JORN",NA,"32.59052, -106.84377",0,200,0.0615
"32.54434074, -106.8108509","1","1","1",1,1,1
"35.8, -106.5","2","2","2",2,2,2
"42.4, -85.4","KBS","W.K. Kellogg Biological Station","42.4, -85.4",0,NA,NA
"42.408986, -85.3909","1","1","1",1,1,1
"69.0567, 20.8747","1","1","1",1,1,1
"-36.2, 143.75","1","1","1",1,1,1
"44.024047, -79.535881","1","1","1",1,1,1
"39.108044, -96.612665","KONA","KONA_initSoil","39.108044, -96.612665",0,100,1.43
"39.108366, -96.614399","KONA","KONA_initSoil","39.108366, -96.614399",0,100,0.544
"39.115597, -96.638463","KONA","KONA_initSoil","39.115597, -96.638463",0,100,0.997
"39.120699, -96.638276","KONA","KONA_initSoil","39.120699, -96.638276",0,100,0.908
"39.123842, -96.642124","KONA","KONA_initSoil","39.123842, -96.642124",0,100,0.536
"39.124272, -96.637853","KONA","KONA_initSoil","39.124272, -96.637853",0,100,0.874
"39.124964, -96.647329","KONA","KONA_initSoil","39.124964, -96.647329",0,100,0.595
"39.126474, -96.644988","KONA","KONA_initSoil","39.126474, -96.644988",0,100,0.554
"39.126594, -96.639075","KONA","KONA_initSoil","39.126594, -96.639075",0,100,0.738
"39.126668, -96.64202","KONA","KONA_initSoil","39.126668, -96.64202",0,100,0.801
"39.210049, -96.592549","KONA","KONA_initSoil","39.210049, -96.592549",0,100,0.699
"39.213041, -96.589511","KONA","KONA_initSoil","39.213041, -96.589511",0,100,0.81
"39.215287, -96.599283","KONA","KONA_initSoil","39.215287, -96.599283",0,100,0.646
"39.21649, -96.595634","KONA","KONA_initSoil","39.21649, -96.595634",0,100,0.879
"39.21712, -96.600871","KONA","KONA_initSoil","39.21712, -96.600871",0,100,0.893
"39.221583, -96.582637","KONA","KONA_initSoil","39.221583, -96.582637",0,100,1.382
"39.223125, -96.595404","KONA","KONA_initSoil","39.223125, -96.595404",0,100,1.026
"39.227868, -96.589979","KONA","KONA_initSoil","39.227868, -96.589979",0,100,1.341
"39.228185, -96.591613","KONA","KONA_initSoil","39.228185, -96.591613",0,100,1.38
"39.10828, -96.61044","KONA",NA,"39.10828, -96.61044",0,206,0.670873786407767
"39.07116, -96.588942","KONZ","KONZ_initSoil","39.07116, -96.588942",0,100,2.002
"39.073754, -96.571172","KONZ","KONZ_initSoil","39.073754, -96.571172",0,100,1.837
"39.075067, -96.555875","KONZ","KONZ_initSoil","39.075067, -96.555875",0,70,2.51714285714286
"39.084519, -96.582247","KONZ","KONZ_initSoil","39.084519, -96.582247",0,100,1.807
"39.090612, -96.562599","KONZ","KONZ_initSoil","39.090612, -96.562599",0,52,3.55
"39.092147, -96.584064","KONZ","KONZ_initSoil","39.092147, -96.584064",0,62,1.40967741935484
"39.098959, -96.601549","KONZ","KONZ_initSoil","39.098959, -96.601549",0,100,2.174
"39.100799, -96.585468","KONZ","KONZ_initSoil","39.100799, -96.585468",0,100,0.992
"39.103999, -96.596164","KONZ","KONZ_initSoil","39.103999, -96.596164",0,100,1.318
"39.106214, -96.597473","KONZ","KONZ_initSoil","39.106214, -96.597473",0,80,2.4325
"39.110568, -96.550148","KONZ","KONZ_initSoil","39.110568, -96.550148",0,27,2.71111111111111
"39.110903, -96.55221","KONZ","KONZ_initSoil","39.110903, -96.55221",0,100,1.46
"39.119993, -96.546016","KONZ","KONZ_initSoil","39.119993, -96.546016",0,83,1.4855421686747
"39.1007, -96.56227","KONZ",NA,"39.1007, -96.56227",0,200,0.83
"18.017713, -67.074931","LAJA","LAJA_initSoil","18.017713, -67.074931",0,100,0.978
"18.017803, -67.08088","LAJA","LAJA_initSoil","18.017803, -67.08088",0,100,1.708
"18.01811, -67.084277","LAJA","LAJA_initSoil","18.01811, -67.084277",0,100,1.144
"18.02271, -67.083667","LAJA","LAJA_initSoil","18.02271, -67.083667",0,100,0.959
"18.023478, -67.080259","LAJA","LAJA_initSoil","18.023478, -67.080259",0,100,1.558
"18.024529, -67.076837","LAJA","LAJA_initSoil","18.024529, -67.076837",0,100,1.342
"18.025704, -67.084747","LAJA","LAJA_initSoil","18.025704, -67.084747",0,100,2.289
"18.026484, -67.082779","LAJA","LAJA_initSoil","18.026484, -67.082779",0,100,1.138
"18.029658, -67.073388","LAJA","LAJA_initSoil","18.029658, -67.073388",0,100,1.056
"18.030429, -67.070828","LAJA","LAJA_initSoil","18.030429, -67.070828",0,100,0.405
"18.031047, -67.075916","LAJA","LAJA_initSoil","18.031047, -67.075916",0,100,0.838
"18.032303, -67.069111","LAJA","LAJA_initSoil","18.032303, -67.069111",0,100,1.102
"18.034461, -67.066824","LAJA","LAJA_initSoil","18.034461, -67.066824",0,80,1.32
"18.034725, -67.064257","LAJA","LAJA_initSoil","18.034725, -67.064257",0,100,2.028
"18.035317, -67.070486","LAJA","LAJA_initSoil","18.035317, -67.070486",0,100,0.576
"18.035349, -67.073332","LAJA","LAJA_initSoil","18.035349, -67.073332",0,100,1.595
"18.03777, -67.071595","LAJA","LAJA_initSoil","18.03777, -67.071595",0,100,1.254
"18.039928, -67.070204","LAJA","LAJA_initSoil","18.039928, -67.070204",0,22,6.35454545454545
"18.039933, -67.069311","LAJA","LAJA_initSoil","18.039933, -67.069311",0,73,2.43698630136986
"18.02184, -67.07608","LAJA",NA,"18.02184, -67.07608",0,203,0.75615763546798
"43.3791307, -95.1863858","1","1","1",1,1,1
"53.98562471, -2.628417566","1","1","1",1,1,1
"46.6149, -124.0484","1","1","1",1,1,1
"31.806907, -88.19388","LENO","LENO_initSoil","31.806907, -88.19388",0,100,1.569
"31.808121, -88.179966","LENO","LENO_initSoil","31.808121, -88.179966",0,100,0.908
"31.808316, -88.188214","LENO","LENO_initSoil","31.808316, -88.188214",0,100,1.398
"31.808936, -88.17998","LENO","LENO_initSoil","31.808936, -88.17998",0,100,0.964
"31.810649, -88.199025","LENO","LENO_initSoil","31.810649, -88.199025",0,100,1.553
"31.811628, -88.181313","LENO","LENO_initSoil","31.811628, -88.181313",0,100,0.727
"31.812513, -88.202235","LENO","LENO_initSoil","31.812513, -88.202235",0,100,0.912
"31.814261, -88.18736","LENO","LENO_initSoil","31.814261, -88.18736",0,100,1.014
"31.815459, -88.204159","LENO","LENO_initSoil","31.815459, -88.204159",0,100,0.73
"31.815893, -88.191497","LENO","LENO_initSoil","31.815893, -88.191497",0,100,1.509
"31.817833, -88.184533","LENO","LENO_initSoil","31.817833, -88.184533",0,100,1.122
"31.817949, -88.202248","LENO","LENO_initSoil","31.817949, -88.202248",0,100,1.773
"31.818791, -88.194684","LENO","LENO_initSoil","31.818791, -88.194684",0,100,0.934
"31.824782, -88.192503","LENO","LENO_initSoil","31.824782, -88.192503",0,100,1.12
"31.825951, -88.183041","LENO","LENO_initSoil","31.825951, -88.183041",0,100,1.01
"31.830931, -88.171036","LENO","LENO_initSoil","31.830931, -88.171036",0,100,0.76
"31.83445, -88.170168","LENO","LENO_initSoil","31.83445, -88.170168",0,100,1.053
"31.841761, -88.16834","LENO","LENO_initSoil","31.841761, -88.16834",0,100,1.206
"31.8531, -88.16103","LENO",NA,"31.8531, -88.16103",0,200,1.1455
"44.20517707, -122.1284473","1","1","1",1,1,1
"18.133, -65.833","1","1","1",1,1,1
"-22.483584, 143.323501","1","1","1",1,1,1
"37.360694, -80.524985","MLBS","MLBS_initSoil","37.360694, -80.524985",0,65,1.79230769230769
"37.374427, -80.518481","MLBS","MLBS_initSoil","37.374427, -80.518481",0,100,1.011
"37.37556, -80.520162","MLBS","MLBS_initSoil","37.37556, -80.520162",1,94,2.02978723404255
"37.376621, -80.5198","MLBS","MLBS_initSoil","37.376621, -80.5198",1,91,1.75604395604396
"37.417096, -80.557334","MLBS","MLBS_initSoil","37.417096, -80.557334",0,100,1.078
"37.424353, -80.551222","MLBS","MLBS_initSoil","37.424353, -80.551222",1,61,1.52786885245902
"37.426796, -80.564062","MLBS","MLBS_initSoil","37.426796, -80.564062",0,48,2.17916666666667
"37.429337, -80.511885","MLBS","MLBS_initSoil","37.429337, -80.511885",1,72,1.25277777777778
"37.430102, -80.508163","MLBS","MLBS_initSoil","37.430102, -80.508163",1,100,0.759
"37.432503, -80.559607","MLBS","MLBS_initSoil","37.432503, -80.559607",1,40,2.9775
"37.37783, -80.52425","MLBS",NA,"37.37783, -80.52425",1,205,2.59121951219512
"38.206371, -109.407265","MOAB","MOAB_initSoil","38.206371, -109.407265",0,100,0.157
"38.210793, -109.414698","MOAB","MOAB_initSoil","38.210793, -109.414698",0,100,0.166
"38.233755, -109.392955","MOAB","MOAB_initSoil","38.233755, -109.392955",0,49,0.336734693877551
"38.236381, -109.406596","MOAB","MOAB_initSoil","38.236381, -109.406596",0,96,0.158333333333333
"38.248085, -109.392293","MOAB","MOAB_initSoil","38.248085, -109.392293",0,92,0.222826086956522
"38.254257, -109.427818","MOAB","MOAB_initSoil","38.254257, -109.427818",0,61,0.180327868852459
"38.255191, -109.37809","MOAB","MOAB_initSoil","38.255191, -109.37809",0,100,0.147
"38.261287, -109.349483","MOAB","MOAB_initSoil","38.261287, -109.349483",0,31,0.92258064516129
"38.265111, -109.411809","MOAB","MOAB_initSoil","38.265111, -109.411809",0,100,0.251
"38.26937, -109.347608","MOAB","MOAB_initSoil","38.26937, -109.347608",0,81,0.624691358024691
"38.270215, -109.350313","MOAB","MOAB_initSoil","38.270215, -109.350313",0,28,0.596428571428571
"38.25136, -109.38882","MOAB",NA,"38.25136, -109.38882",0,200,0.189
"46.86962418, -96.45352319","1","1","1",1,1,1
"-36.896, 146.007","1","1","1",1,1,1
"40.033987, -105.555402","NIWO","NIWO_initSoil","40.033987, -105.555402",0,109,2.47247706422018
"40.037739, -105.562156","NIWO","NIWO_initSoil","40.037739, -105.562156",0,100,2.855
"40.038857, -105.557196","NIWO","NIWO_initSoil","40.038857, -105.557196",1,110,0.647272727272727
"40.04011, -105.57266","NIWO","NIWO_initSoil","40.04011, -105.57266",0,115,3.5095652173913
"40.042344, -105.558975","NIWO","NIWO_initSoil","40.042344, -105.558975",0,102,3.44313725490196
"40.043662, -105.569891","NIWO","NIWO_initSoil","40.043662, -105.569891",0,105,1.52761904761905
"40.048377, -105.542505","NIWO","NIWO_initSoil","40.048377, -105.542505",1,66,0.804545454545455
"40.049574, -105.572043","NIWO","NIWO_initSoil","40.049574, -105.572043",0,110,1.9
"40.050779, -105.548151","NIWO","NIWO_initSoil","40.050779, -105.548151",1,110,0.646363636363636
"40.051247, -105.565041","NIWO","NIWO_initSoil","40.051247, -105.565041",0,105,1.0152380952381
"40.052498, -105.584022","NIWO","NIWO_initSoil","40.052498, -105.584022",0,115,0.759130434782609
"40.052578, -105.566478","NIWO","NIWO_initSoil","40.052578, -105.566478",0,64,1.98125
"40.054475, -105.567875","NIWO","NIWO_initSoil","40.054475, -105.567875",0,40,4.725
"40.05236, -105.58324","NIWO",NA,"40.05236, -105.58324",0,200,0.9385
"46.764946, -100.921419","NOGP","NOGP_initSoil","46.764946, -100.921419",0,133,1.12932330827068
"46.766302, -100.92106","NOGP","NOGP_initSoil","46.766302, -100.92106",0,150,1.178
"46.769079, -100.916842","NOGP","NOGP_initSoil","46.769079, -100.916842",0,101,1.38217821782178
"46.781417, -100.921628","NOGP","NOGP_initSoil","46.781417, -100.921628",0,128,1.0609375
"46.783513, -100.907936","NOGP","NOGP_initSoil","46.783513, -100.907936",0,110,1.50727272727273
"46.785603, -100.911927","NOGP","NOGP_initSoil","46.785603, -100.911927",0,104,1.34230769230769
"46.786096, -100.915884","NOGP","NOGP_initSoil","46.786096, -100.915884",0,200,0.761
"46.786461, -100.910403","NOGP","NOGP_initSoil","46.786461, -100.910403",0,200,0.658
"46.791118, -100.921568","NOGP","NOGP_initSoil","46.791118, -100.921568",0,200,0.5875
"46.792018, -100.916884","NOGP","NOGP_initSoil","46.792018, -100.916884",0,200,1.249
"46.798173, -100.904137","NOGP","NOGP_initSoil","46.798173, -100.904137",0,105,0.988571428571429
"46.799269, -100.902581","NOGP","NOGP_initSoil","46.799269, -100.902581",0,200,0.825
"46.800616, -100.919552","NOGP","NOGP_initSoil","46.800616, -100.919552",0,200,0.961
"46.800934, -100.916415","NOGP","NOGP_initSoil","46.800934, -100.916415",0,107,1.02336448598131
"46.801135, -100.904617","NOGP","NOGP_initSoil","46.801135, -100.904617",0,105,1.27904761904762
"46.801783, -100.914474","NOGP","NOGP_initSoil","46.801783, -100.914474",0,200,1.4475
"46.806092, -100.915421","NOGP","NOGP_initSoil","46.806092, -100.915421",0,140,0.902857142857143
"46.80763, -100.903673","NOGP","NOGP_initSoil","46.80763, -100.903673",0,130,0.423076923076923
"46.76846, -100.91832","NOGP",NA,"46.76846, -100.91832",0,200,1.03
"40.05, -105.5833","2","2","2",2,2,2
"35.399175, -99.06056","OAES","OAES_initSoil","35.399175, -99.06056",0,100,0.806
"35.399702, -99.057894","OAES","OAES_initSoil","35.399702, -99.057894",0,84,1.29761904761905
"35.401617, -99.05625","OAES","OAES_initSoil","35.401617, -99.05625",0,30,1.82333333333333
"35.402943, -99.064829","OAES","OAES_initSoil","35.402943, -99.064829",0,17,1.25294117647059
"35.40375, -99.077405","OAES","OAES_initSoil","35.40375, -99.077405",0,20,2.03
"35.404299, -99.080041","OAES","OAES_initSoil","35.404299, -99.080041",0,38,1.75263157894737
"35.409948, -99.071457","OAES","OAES_initSoil","35.409948, -99.071457",0,25,1.064
"35.410784, -99.069142","OAES","OAES_initSoil","35.410784, -99.069142",0,28,1.68571428571429
"35.41213, -99.085338","OAES","OAES_initSoil","35.41213, -99.085338",0,100,1.263
"35.412139, -99.069792","1","1","1",1,1,1
"35.41564, -99.04997","OAES","OAES_initSoil","35.41564, -99.04997",0,79,0.435443037974684
"35.418916, -99.047009","OAES","OAES_initSoil","35.418916, -99.047009",0,37,0.910810810810811
"35.419716, -99.052304","OAES","OAES_initSoil","35.419716, -99.052304",0,26,1.09615384615385
"35.419991, -99.057264","OAES","OAES_initSoil","35.419991, -99.057264",0,30,1.1
"35.421331, -99.052968","OAES","OAES_initSoil","35.421331, -99.052968",0,58,1.02413793103448
"35.41062, -99.06044","OAES",NA,"35.41062, -99.06044",0,46,1.26739130434783
"40.145343, -112.538881","ONAQ","ONAQ_initSoil","40.145343, -112.538881",0,100,1.067
"40.150746, -112.456227","ONAQ","ONAQ_initSoil","40.150746, -112.456227",0,100,0.404
"40.151788, -112.478445","ONAQ","ONAQ_initSoil","40.151788, -112.478445",0,100,0.131
"40.152362, -112.537961","ONAQ","ONAQ_initSoil","40.152362, -112.537961",0,88,1.24545454545455
"40.158539, -112.521575","ONAQ","ONAQ_initSoil","40.158539, -112.521575",0,100,0.372
"40.160102, -112.485308","ONAQ","ONAQ_initSoil","40.160102, -112.485308",0,100,0.228
"40.184944, -112.529543","ONAQ","ONAQ_initSoil","40.184944, -112.529543",0,42,2.07857142857143
"40.185937, -112.472482","ONAQ","ONAQ_initSoil","40.185937, -112.472482",0,100,0.244
"40.197201, -112.437822","ONAQ","ONAQ_initSoil","40.197201, -112.437822",0,100,0.212
"40.201643, -112.513698","1","1","1",1,1,1
"40.219718, -112.473216","ONAQ","ONAQ_initSoil","40.219718, -112.473216",0,22,1.77272727272727
"35.907947, -84.275213","ORNL","ORNL_initSoil","35.907947, -84.275213",0,44,5.80227272727273
"35.916311, -84.26328","ORNL","ORNL_initSoil","35.916311, -84.26328",0,100,0.52
"35.92537, -84.329757","ORNL","ORNL_initSoil","35.92537, -84.329757",0,100,0.458
"35.926134, -84.426835","ORNL","ORNL_initSoil","35.926134, -84.426835",0,100,0.765
"35.93025, -84.27011","ORNL","ORNL_initSoil","35.93025, -84.27011",0,100,1.369
"35.932762, -84.332542","ORNL","ORNL_initSoil","35.932762, -84.332542",0,100,1.631
"35.933928, -84.276977","ORNL","ORNL_initSoil","35.933928, -84.276977",0,100,1.196
"35.939975, -84.305654","ORNL","ORNL_initSoil","35.939975, -84.305654",0,100,0.6
"35.944516, -84.326492","ORNL","ORNL_initSoil","35.944516, -84.326492",0,100,0.528
"35.948607, -84.221913","ORNL","ORNL_initSoil","35.948607, -84.221913",0,100,0.688
"35.953015, -84.248355","ORNL","ORNL_initSoil","35.953015, -84.248355",0,22,1.75454545454545
"35.953306, -84.332177","ORNL","ORNL_initSoil","35.953306, -84.332177",0,33,1.03939393939394
"35.955641, -84.221347","ORNL","ORNL_initSoil","35.955641, -84.221347",0,100,0.59
"35.957646, -84.261838","ORNL","ORNL_initSoil","35.957646, -84.261838",0,35,3.25428571428571
"35.96172, -84.2268","ORNL","ORNL_initSoil","35.96172, -84.2268",0,20,1.42
"35.965462, -84.23699","ORNL","ORNL_initSoil","35.965462, -84.23699",0,20,9.3
"35.965869, -84.23064","ORNL","ORNL_initSoil","35.965869, -84.23064",0,44,3.88181818181818
"35.974463, -84.22799","ORNL","ORNL_initSoil","35.974463, -84.22799",0,38,1.9
"35.974774, -84.350392","ORNL","ORNL_initSoil","35.974774, -84.350392",0,45,1.71111111111111
"35.9759, -84.303462","ORNL","ORNL_initSoil","35.9759, -84.303462",0,100,0.321
"35.57525, -84.16581","ORNL",NA,"35.57525, -84.16581",0,180,0.647222222222222
"29.67776, -82.007709","OSBS","OSBS_initSoil","29.67776, -82.007709",0,100,0.424
"29.679299, -81.946352","OSBS","OSBS_initSoil","29.679299, -81.946352",0,100,0.358
"29.682159, -81.961565","OSBS","OSBS_initSoil","29.682159, -81.961565",0,100,0.325
"29.682391, -81.967449","OSBS","OSBS_initSoil","29.682391, -81.967449",0,100,1.816
"29.685058, -82.007162","OSBS","OSBS_initSoil","29.685058, -82.007162",0,100,0.41
"29.686636, -81.942713","OSBS","OSBS_initSoil","29.686636, -81.942713",1,100,0.911
"29.68685, -81.950763","OSBS","OSBS_initSoil","29.68685, -81.950763",1,100,2.724
"29.688968, -81.991105","OSBS","OSBS_initSoil","29.688968, -81.991105",0,100,0.578
"29.689482, -81.960693","OSBS","OSBS_initSoil","29.689482, -81.960693",0,100,13.956
"29.68969, -82.005389","OSBS","OSBS_initSoil","29.68969, -82.005389",0,100,0.639
"29.690276, -81.962572","OSBS","OSBS_initSoil","29.690276, -81.962572",0,100,0.428
"29.691763, -81.941829","OSBS","OSBS_initSoil","29.691763, -81.941829",0,100,0.316
"29.692721, -81.95826","OSBS","OSBS_initSoil","29.692721, -81.95826",0,100,0.333
"29.693584, -81.992057","OSBS","OSBS_initSoil","29.693584, -81.992057",0,100,0.823
"29.694992, -81.94742","OSBS","OSBS_initSoil","29.694992, -81.94742",0,100,0.326
"29.695767, -81.953022","OSBS","OSBS_initSoil","29.695767, -81.953022",0,100,10.717
"29.696569, -82.025578","OSBS","OSBS_initSoil","29.696569, -82.025578",0,100,7.16
"29.70386, -81.956817","OSBS","OSBS_initSoil","29.70386, -81.956817",0,100,0.44
"29.703873, -81.991843","OSBS","OSBS_initSoil","29.703873, -81.991843",0,100,4.131
"29.710251, -81.969273","OSBS","OSBS_initSoil","29.710251, -81.969273",0,100,1.842
"29.721507, -81.987042","OSBS","OSBS_initSoil","29.721507, -81.987042",1,100,1.024
"29.722597, -81.985527","OSBS","OSBS_initSoil","29.722597, -81.985527",0,100,2.985
"29.723939, -81.986781","OSBS","OSBS_initSoil","29.723939, -81.986781",0,100,16.67
"29.68819, -81.99345","OSBS",NA,"29.68819, -81.99345",0,200,0.087
"53.086, 7.4728","1","1","1",1,1,1
"-0.0769969, -78.9985045","1","1","1",1,1,1
"-32.496169, 116.972947","1","1","1",1,1,1
"-27.530556, 152.923222","1","1","1",1,1,1
"-51.91602778, -70.40744444","1","1","1",1,1,1
"19.549124, -155.312265","PUUM","PUUM_initSoil","19.549124, -155.312265",1,30,30.53
"19.55072, -155.315984","1","1","1",1,1,1
"19.553624, -155.319191","PUUM","PUUM_initSoil","19.553624, -155.319191",0,30,15.34
"19.554243, -155.228851","PUUM","PUUM_initSoil","19.554243, -155.228851",0,30,20.05
"19.554406, -155.323212","1","1","1",1,1,1
"19.557778, -155.230067","PUUM","PUUM_initSoil","19.557778, -155.230067",0,30,8.48
"19.561039, -155.249535","PUUM","PUUM_initSoil","19.561039, -155.249535",0,30,14
"19.564817, -155.313626","PUUM","PUUM_initSoil","19.564817, -155.313626",1,30,15.47
"19.578312, -155.318129","PUUM","PUUM_initSoil","19.578312, -155.318129",1,27,20.962962962963
"19.587494, -155.339669","PUUM","PUUM_initSoil","19.587494, -155.339669",0,27,26.7777777777778
"NA, NA","2","2","2",2,2,2
"40.151426, -105.472989","RMNP","RMNP_initSoil","40.151426, -105.472989",0,49,1.46938775510204
"40.154382, -105.475488","RMNP","RMNP_initSoil","40.154382, -105.475488",0,43,4.32790697674419
"40.158142, -105.54352","RMNP","RMNP_initSoil","40.158142, -105.54352",1,83,0.308433734939759
"40.161432, -105.53438","RMNP","RMNP_initSoil","40.161432, -105.53438",0,110,0.923636363636364
"40.162746, -105.542483","RMNP","RMNP_initSoil","40.162746, -105.542483",0,61,2.61803278688525
"40.163834, -105.53899","RMNP","RMNP_initSoil","40.163834, -105.53899",0,73,3.04383561643836
"40.16522, -105.532303","RMNP","RMNP_initSoil","40.16522, -105.532303",0,77,4.01948051948052
"40.178717, -105.535934","RMNP","RMNP_initSoil","40.178717, -105.535934",0,70,2.27142857142857
"40.186824, -105.54091","RMNP","RMNP_initSoil","40.186824, -105.54091",0,80,4.5975
"40.19593, -105.491302","RMNP","RMNP_initSoil","40.19593, -105.491302",0,48,1.90833333333333
"40.197385, -105.468403","RMNP","RMNP_initSoil","40.197385, -105.468403",1,79,3.69240506329114
"40.197387, -105.472274","RMNP","RMNP_initSoil","40.197387, -105.472274",1,103,1.46893203883495
"40.200009, -105.492733","RMNP","RMNP_initSoil","40.200009, -105.492733",0,17,6.17058823529412
"40.201378, -105.483569","RMNP","RMNP_initSoil","40.201378, -105.483569",1,49,0.342857142857143
"40.27707, -105.54524","RMNP",NA,"40.27707, -105.54524",0,160,1.848125
"69.0368, 20.8433","1","1","1",1,1,1
"39.43, -120.24","1","1","1",1,1,1
"33.343894, -81.650936","1","1","1",1,1,1
"38.867076, -78.163553","SCBI","SCBI_initSoil","38.867076, -78.163553",0,65,1.13076923076923
"38.874379, -78.163985","SCBI","SCBI_initSoil","38.874379, -78.163985",0,100,0.752
"38.879363, -78.135381","SCBI","SCBI_initSoil","38.879363, -78.135381",0,102,1.04803921568627
"38.879732, -78.139901","SCBI","SCBI_initSoil","38.879732, -78.139901",0,100,2.252
"38.882552, -78.123175","SCBI","SCBI_initSoil","38.882552, -78.123175",0,100,1.256
"38.882888, -78.168812","SCBI","SCBI_initSoil","38.882888, -78.168812",0,100,0.53
"38.88477, -78.12516","SCBI","SCBI_initSoil","38.88477, -78.12516",0,100,1.625
"38.884907, -78.13032","SCBI","SCBI_initSoil","38.884907, -78.13032",0,100,3.754
"38.887763, -78.147164","SCBI","SCBI_initSoil","38.887763, -78.147164",0,100,0.921
"38.890577, -78.151569","SCBI","SCBI_initSoil","38.890577, -78.151569",0,100,1.327
"38.89106, -78.160512","SCBI","SCBI_initSoil","38.89106, -78.160512",0,100,0.807
"38.892172, -78.161528","SCBI","SCBI_initSoil","38.892172, -78.161528",0,100,0.917
"38.895212, -78.142701","SCBI","SCBI_initSoil","38.895212, -78.142701",0,100,0.864
"38.896935, -78.146456","SCBI","SCBI_initSoil","38.896935, -78.146456",0,100,0.695
"38.897609, -78.152007","SCBI","SCBI_initSoil","38.897609, -78.152007",0,100,0.632
"38.900539, -78.161859","SCBI","SCBI_initSoil","38.900539, -78.161859",0,100,2.942
"38.900642, -78.175705","SCBI","SCBI_initSoil","38.900642, -78.175705",0,100,0.902
"38.900851, -78.152879","SCBI","SCBI_initSoil","38.900851, -78.152879",0,100,0.752
"38.89209, -78.13764","SCBI",NA,"38.89209, -78.13764",0,200,0.774
"33.429, -111.278","2","2","2",2,2,2
"34.7, -120.0166667","1","1","1",1,1,1
"38.86869, -76.533595","SERC","SERC_initSoil","38.86869, -76.533595",0,100,0.801
"38.870109, -76.535927","SERC","SERC_initSoil","38.870109, -76.535927",0,100,0.306
"38.871199, -76.52895","SERC","SERC_initSoil","38.871199, -76.52895",0,100,0.508
"38.871745, -76.522041","SERC","SERC_initSoil","38.871745, -76.522041",0,100,0.599
"38.871772, -76.55069","SERC","SERC_initSoil","38.871772, -76.55069",0,100,0.592
"38.871792, -76.544437","SERC","SERC_initSoil","38.871792, -76.544437",0,100,0.686
"38.872417, -76.554054","SERC","SERC_initSoil","38.872417, -76.554054",0,100,0.703
"38.87364, -76.543648","SERC","SERC_initSoil","38.87364, -76.543648",0,100,0.29
"38.873795, -76.539829","SERC","SERC_initSoil","38.873795, -76.539829",0,100,0.436
"38.875452, -76.5545889999999","SERC","SERC_initSoil","38.875452, -76.5545889999999",0,100,0.672
"38.87599, -76.541093","SERC","SERC_initSoil","38.87599, -76.541093",0,100,0.986
"38.878648, -76.560977","SERC","SERC_initSoil","38.878648, -76.560977",0,100,0.71
"38.880104, -76.556732","SERC","SERC_initSoil","38.880104, -76.556732",0,100,0.504
"38.881089, -76.547316","SERC","SERC_initSoil","38.881089, -76.547316",0,100,0.517
"38.886405, -76.551831","SERC","SERC_initSoil","38.886405, -76.551831",0,100,0.736
"38.897569, -76.561177","SERC","SERC_initSoil","38.897569, -76.561177",0,100,0.716
"38.898524, -76.551063","SERC","SERC_initSoil","38.898524, -76.551063",0,100,0.656
"38.901221, -76.550596","SERC","SERC_initSoil","38.901221, -76.550596",0,100,0.72
"38.909675, -76.546255","SERC","SERC_initSoil","38.909675, -76.546255",0,100,0.744
"38.910053, -76.548986","SERC","SERC_initSoil","38.910053, -76.548986",0,100,0.376
"38.89124, -76.55884","SERC",NA,"38.89124, -76.55884",0,200,0.4315
"-2.254503, 34.512613","1","1","1",1,1,1
"34.3592, -106.6905","1","1","1",1,1,1
"40.81667, -104.76667","1","1","1",1,1,1
"44.242989, -112.198391","1","1","1",1,1,1
"39.23550963, -121.2836963","1","1","1",1,1,1
"47.91667, 20.43333","2","2","2",2,2,2
"37.078298, -119.727329","SJER","SJER_initSoil","37.078298, -119.727329",0,40,0.42
"37.078744, -119.720266","SJER","SJER_initSoil","37.078744, -119.720266",0,97,0.220618556701031
"37.083155, -119.727837","SJER","SJER_initSoil","37.083155, -119.727837",0,64,0.603125
"37.086583, -119.719523","SJER","SJER_initSoil","37.086583, -119.719523",0,70,0.365714285714286
"37.096505, -119.723267","SJER","SJER_initSoil","37.096505, -119.723267",0,64,0.26875
"37.106602, -119.72024","SJER","SJER_initSoil","37.106602, -119.72024",0,74,0.675675675675676
"37.10723, -119.751328","SJER","SJER_initSoil","37.10723, -119.751328",0,43,0.713953488372093
"37.110743, -119.750783","SJER","SJER_initSoil","37.110743, -119.750783",0,54,0.522222222222222
"37.116632, -119.730379","SJER","SJER_initSoil","37.116632, -119.730379",0,64,0.371875
"37.123985, -119.750897","SJER","SJER_initSoil","37.123985, -119.750897",0,46,0.790217391304348
"37.107117, -119.733","SJER",NA,"37.107117, -119.733",0,170,0.211176470588235
"48.20658068, -122.624754","1","1","1",1,1,1
"37.025179, -119.273161","SOAP","SOAP_initSoil","37.025179, -119.273161",0,142,1.47957746478873
"37.028527, -119.253021","SOAP","SOAP_initSoil","37.028527, -119.253021",0,154,0.790909090909091
"37.0292, -119.276289","SOAP","SOAP_initSoil","37.0292, -119.276289",0,133,2.33233082706767
"37.030367, -119.27027","SOAP","SOAP_initSoil","37.030367, -119.27027",0,41,1.40975609756098
"37.030525, -119.276678","SOAP","SOAP_initSoil","37.030525, -119.276678",0,107,2.05700934579439
"37.030699, -119.281767","SOAP","SOAP_initSoil","37.030699, -119.281767",0,120,1.43166666666667
"37.030845, -119.245692","SOAP","SOAP_initSoil","37.030845, -119.245692",0,110,6.09363636363636
"37.032124, -119.263245","SOAP","SOAP_initSoil","37.032124, -119.263245",0,120,3.64416666666667
"37.035187, -119.273793","SOAP","SOAP_initSoil","37.035187, -119.273793",0,16,15.525
"37.03743, -119.269476","SOAP","SOAP_initSoil","37.03743, -119.269476",0,148,3.41756756756757
"37.037632, -119.258353","SOAP","SOAP_initSoil","37.037632, -119.258353",0,12,1.63333333333333
"37.038261, -119.251637","SOAP","SOAP_initSoil","37.038261, -119.251637",0,151,1.57549668874172
"37.03269, -119.2621","SOAP",NA,"37.03269, -119.2621",0,213,1.76525821596244
"38.135833, -84.500556","1","1","1",1,1,1
"31.809753, -110.893755","SRER","SRER_initSoil","31.809753, -110.893755",0,100,0.214
"31.813686, -110.806586","SRER","SRER_initSoil","31.813686, -110.806586",0,102,0.169607843137255
"31.833493, -110.84364","SRER","SRER_initSoil","31.833493, -110.84364",0,102,0.263725490196078
"31.840609, -110.917189","SRER","SRER_initSoil","31.840609, -110.917189",0,102,0.152941176470588
"31.852737, -110.857874","SRER","SRER_initSoil","31.852737, -110.857874",0,102,0.184313725490196
"31.867013, -110.81472","SRER","SRER_initSoil","31.867013, -110.81472",0,102,0.568627450980392
"31.874117, -110.887014","SRER","SRER_initSoil","31.874117, -110.887014",0,102,0.135294117647059
"31.897668, -110.874932","SRER","SRER_initSoil","31.897668, -110.874932",0,102,0.138235294117647
"31.897965, -110.908251","SRER","SRER_initSoil","31.897965, -110.908251",0,100,0.478
"31.905498, -110.847005","SRER","SRER_initSoil","31.905498, -110.847005",0,102,0.31078431372549
"31.906778, -110.815262","SRER","SRER_initSoil","31.906778, -110.815262",0,100,0.485
"31.910099, -110.837175","SRER","SRER_initSoil","31.910099, -110.837175",0,100,0.3
"31.91068, -110.83549","SRER",NA,"31.91068, -110.83549",0,203,0.161576354679803
"36.975521, -119.0651622","SSCZO","Bull Creek","36.975521, -119.0651622",0,120,2.42769768989478
"37.0311, -119.2563","2","2","2",2,2,2
"37.0671, -118.9871","2","2","2",2,2,2
"37.0673, -119.1948","2","2","2",2,2,2
"37.1087, -119.7313","2","2","2",2,2,2
"37.055226, -119.1938832","SSCZO","Providence creek","37.055226, -119.1938832",0,120,2.6275473426777
"45.505662, -89.587395","STEI","STEI_initSoil","45.505662, -89.587395",0,100,0.978
"45.508883, -89.588327","STEI","STEI_initSoil","45.508883, -89.588327",0,100,0.658
"45.785871, -90.048075","STEI","STEI_initSoil","45.785871, -90.048075",0,100,0.945
"45.787641, -90.104113","STEI","STEI_initSoil","45.787641, -90.104113",0,100,0.902
"45.793771, -90.096361","STEI","STEI_initSoil","45.793771, -90.096361",0,100,0.7
"45.802507, -90.06211","STEI","STEI_initSoil","45.802507, -90.06211",0,100,1.081
"45.804414, -90.052165","STEI","STEI_initSoil","45.804414, -90.052165",0,100,11.758
"45.804881, -90.07457","STEI","STEI_initSoil","45.804881, -90.07457",0,100,1.074
"45.810955, -90.099612","STEI","STEI_initSoil","45.810955, -90.099612",0,100,0.807
"45.817469, -90.078389","STEI","STEI_initSoil","45.817469, -90.078389",0,100,0.967
"45.82223, -90.073206","STEI","STEI_initSoil","45.82223, -90.073206",0,100,1.911
"45.826444, -90.086211","STEI","STEI_initSoil","45.826444, -90.086211",0,100,0.82
"45.829717, -90.074788","STEI","STEI_initSoil","45.829717, -90.074788",0,100,1.005
"45.835991, -90.072824","STEI","STEI_initSoil","45.835991, -90.072824",0,100,52.094
"45.5076, -89.5888","STEI",NA,"45.5076, -89.5888",0,200,0.464
"40.460611, -103.030496","STER","STER_initSoil","40.460611, -103.030496",0,100,1.046
"40.460659, -103.033324","STER","STER_initSoil","40.460659, -103.033324",0,100,0.542
"40.463935, -103.035332","STER","STER_initSoil","40.463935, -103.035332",0,100,0.591
"40.465261, -103.0346","STER","STER_initSoil","40.465261, -103.0346",0,100,0.468
"40.468561, -103.011749","STER","STER_initSoil","40.468561, -103.011749",0,100,0.924
"40.469719, -103.016662","STER","STER_initSoil","40.469719, -103.016662",0,100,0.288
"40.472029, -103.025102","STER","STER_initSoil","40.472029, -103.025102",0,100,0.439
"40.473273, -103.018333","STER","STER_initSoil","40.473273, -103.018333",0,100,0.583
"40.47639, -103.011866","STER","STER_initSoil","40.47639, -103.011866",0,100,0.376
"40.478666, -103.019238","STER","STER_initSoil","40.478666, -103.019238",0,100,0.291
"40.480827, -103.018821","STER","STER_initSoil","40.480827, -103.018821",0,100,0.501
"40.45984, -103.03008","STER",NA,"40.45984, -103.03008",0,200,0.2655
"-29.81161, 30.71573","1","1","1",1,1,1
"78.7, 16.4","1","1","1",1,1,1
"32.884749, -87.454396","TALL","TALL_initSoil","32.884749, -87.454396",0,100,1.693
"32.891315, -87.431326","TALL","TALL_initSoil","32.891315, -87.431326",0,52,1.76153846153846
"32.897128, -87.397349","TALL","TALL_initSoil","32.897128, -87.397349",0,100,1.222
"32.898843, -87.446128","TALL","TALL_initSoil","32.898843, -87.446128",0,100,0.601
"32.899318, -87.389038","TALL","TALL_initSoil","32.899318, -87.389038",0,100,0.638
"32.899579, -87.396413","TALL","TALL_initSoil","32.899579, -87.396413",0,100,0.442
"32.899796, -87.406679","TALL","TALL_initSoil","32.899796, -87.406679",0,100,0.299
"32.899922, -87.449039","TALL","TALL_initSoil","32.899922, -87.449039",0,100,0.64
"32.910055, -87.408651","TALL","TALL_initSoil","32.910055, -87.408651",0,100,0.615
"32.910314, -87.420828","TALL","TALL_initSoil","32.910314, -87.420828",0,100,0.418
"32.916353, -87.389753","TALL","TALL_initSoil","32.916353, -87.389753",0,100,0.919
"32.916736, -87.43788","TALL","TALL_initSoil","32.916736, -87.43788",0,100,0.805
"32.919031, -87.397461","TALL","TALL_initSoil","32.919031, -87.397461",0,100,0.761
"32.922158, -87.428893","TALL","TALL_initSoil","32.922158, -87.428893",0,100,0.752
"32.924116, -87.421557","TALL","TALL_initSoil","32.924116, -87.421557",0,100,1.392
"32.926832, -87.418701","TALL","TALL_initSoil","32.926832, -87.418701",0,100,1.571
"32.929574, -87.411964","TALL","TALL_initSoil","32.929574, -87.411964",0,48,1.44791666666667
"32.950117, -87.407531","TALL","TALL_initSoil","32.950117, -87.407531",0,100,0.57
"32.952869, -87.397604","TALL","TALL_initSoil","32.952869, -87.397604",0,100,1.118
"32.95449, -87.4034159999999","TALL","TALL_initSoil","32.95449, -87.4034159999999",0,100,2.862
"32.955991, -87.426831","TALL","TALL_initSoil","32.955991, -87.426831",0,100,0.639
"32.956317, -87.410146","TALL","TALL_initSoil","32.956317, -87.410146",0,100,0.399
"32.957884, -87.432613","TALL","TALL_initSoil","32.957884, -87.432613",0,100,0.687
"32.970412, -87.415023","TALL","TALL_initSoil","32.970412, -87.415023",0,100,0.846
"32.974429, -87.42694","TALL","TALL_initSoil","32.974429, -87.42694",0,100,0.665
"32.95106, -87.3941","TALL",NA,"32.95106, -87.3941",0,200,0.306
"37.006472, -119.005758","TEAK",NA,"37.006472, -119.005758",0,205,1.88536585365854
"31.044, -97.349","1","1","1",1,1,1
"68.561237, -149.510272","TOOL","TOOL_initSoil","68.561237, -149.510272",0,100,8.347
"68.563891, -149.495097","TOOL","TOOL_initSoil","68.563891, -149.495097",0,100,11.414
"68.565846, -149.507823","TOOL","TOOL_initSoil","68.565846, -149.507823",0,120,5.71
"68.576514, -149.513442","TOOL","TOOL_initSoil","68.576514, -149.513442",0,100,12.511
"68.600005, -149.510163","TOOL","TOOL_initSoil","68.600005, -149.510163",0,105,13.1009523809524
"68.60015, -149.5006","TOOL","TOOL_initSoil","68.60015, -149.5006",0,110,16.9909090909091
"68.605121, -149.492277","TOOL","TOOL_initSoil","68.605121, -149.492277",0,91,8.67087912087912
"68.61519, -149.334813","TOOL","TOOL_initSoil","68.61519, -149.334813",0,140,14.0342857142857
"68.615252, -149.33037","TOOL","TOOL_initSoil","68.615252, -149.33037",0,105,1.1
"68.618876, -149.339608","TOOL","TOOL_initSoil","68.618876, -149.339608",0,100,16.175
"68.625975, -149.591304","TOOL","TOOL_initSoil","68.625975, -149.591304",0,90,31.9777777777778
"68.627437, -149.324279","TOOL","TOOL_initSoil","68.627437, -149.324279",0,100,12.676
"68.627943, -149.34723","TOOL","TOOL_initSoil","68.627943, -149.34723",0,100,13.645
"68.629992, -149.575527","TOOL","TOOL_initSoil","68.629992, -149.575527",0,110,2.79636363636364
"68.631468, -149.363066","TOOL","TOOL_initSoil","68.631468, -149.363066",0,100,21.714
"68.63578, -149.652988","TOOL","TOOL_initSoil","68.63578, -149.652988",0,105,6.13333333333333
"68.636964, -149.356276","TOOL","TOOL_initSoil","68.636964, -149.356276",0,100,11.606
"68.640255, -149.642462","TOOL","TOOL_initSoil","68.640255, -149.642462",0,100,34.552
"68.66045, -149.370128","TOOL",NA,"68.66045, -149.370128",0,73,12.8095890410959
"45.485853, -89.569416","TREE","TREE_initSoil","45.485853, -89.569416",0,100,51.322
"45.487728, -89.569877","TREE","TREE_initSoil","45.487728, -89.569877",0,100,1.266
"45.489236, -89.549988","TREE","TREE_initSoil","45.489236, -89.549988",0,100,0.694
"45.490088, -89.590099","TREE","TREE_initSoil","45.490088, -89.590099",0,100,0.832
"45.491628, -89.551229","TREE","TREE_initSoil","45.491628, -89.551229",0,100,0.443
"45.492422, -89.576617","TREE","TREE_initSoil","45.492422, -89.576617",0,100,0.943
"45.492522, -89.560123","TREE","TREE_initSoil","45.492522, -89.560123",0,100,1.189
"45.494189, -89.587993","TREE","TREE_initSoil","45.494189, -89.587993",0,100,1.293
"45.494385, -89.574025","TREE","TREE_initSoil","45.494385, -89.574025",0,100,0.531
"45.496656, -89.567981","TREE","TREE_initSoil","45.496656, -89.567981",0,100,1.899
"45.497235, -89.554551","TREE","TREE_initSoil","45.497235, -89.554551",0,84,33.6916666666667
"45.49266, -89.58748","TREE",NA,"45.49266, -89.58748",0,200,0.415
"40.075, -88.829","1","1","1",1,1,1
"38.519092, -90.564792","1","1","1",1,1,1
"27.433333, -81.916667","1","1","1",1,1,1
"39.031697, -95.195736","UKFS","UKFS_initSoil","39.031697, -95.195736",0,100,2.194
"39.031783, -95.190874","UKFS","UKFS_initSoil","39.031783, -95.190874",0,100,1.644
"39.032378, -95.18811","UKFS","UKFS_initSoil","39.032378, -95.18811",0,76,2.32763157894737
"39.033692, -95.18991","UKFS","UKFS_initSoil","39.033692, -95.18991",0,100,2.582
"39.033806, -95.198575","UKFS","UKFS_initSoil","39.033806, -95.198575",0,100,1.523
"39.036718, -95.20145","UKFS","UKFS_initSoil","39.036718, -95.20145",0,100,2.383
"39.037234, -95.205277","UKFS","UKFS_initSoil","39.037234, -95.205277",0,100,2.366
"39.037624, -95.196958","UKFS","UKFS_initSoil","39.037624, -95.196958",1,100,1.873
"39.041883, -95.201236","UKFS","UKFS_initSoil","39.041883, -95.201236",0,100,2.318
"39.043184, -95.202722","UKFS","UKFS_initSoil","39.043184, -95.202722",0,57,2.37017543859649
"39.045453, -95.211766","UKFS","UKFS_initSoil","39.045453, -95.211766",0,100,1.325
"39.045695, -95.198264","UKFS","UKFS_initSoil","39.045695, -95.198264",0,100,2.326
"39.047511, -95.202461","UKFS","UKFS_initSoil","39.047511, -95.202461",0,100,0.579
"39.047565, -95.198346","UKFS","UKFS_initSoil","39.047565, -95.198346",0,100,1.202
"39.053115, -95.192934","UKFS","UKFS_initSoil","39.053115, -95.192934",0,100,0.649
"39.0537, -95.2044","UKFS","UKFS_initSoil","39.0537, -95.2044",0,53,2.16792452830189
"39.055332, -95.189542","UKFS","UKFS_initSoil","39.055332, -95.189542",0,100,0.859
"39.04168, -95.20495","UKFS",NA,"39.04168, -95.20495",0,200,1.559
"-29.67, 30.4","1","1","1",1,1,1
"45.56, -84.71","UMBS","University of Michigan Biological Station","45.56, -84.71",0,20,1.15022744159865
"36.00828, -79.020423","1","1","1",1,1,1
"46.227897, -89.53713","UNDE","UNDE_initSoil","46.227897, -89.53713",0,152,0.382894736842105
"46.231276, -89.541941","UNDE","UNDE_initSoil","46.231276, -89.541941",0,106,4.90188679245283
"46.231744, -89.53264","UNDE","UNDE_initSoil","46.231744, -89.53264",0,148,0.910135135135135
"46.232246, -89.534567","UNDE","UNDE_initSoil","46.232246, -89.534567",0,113,44.9955752212389
"46.234247, -89.542459","UNDE","UNDE_initSoil","46.234247, -89.542459",0,137,0.89051094890511
"46.234502, -89.518756","UNDE","UNDE_initSoil","46.234502, -89.518756",0,151,2.79867549668874
"46.234625, -89.560771","UNDE","UNDE_initSoil","46.234625, -89.560771",0,167,0.61437125748503
"46.236979, -89.504463","UNDE","UNDE_initSoil","46.236979, -89.504463",0,100,0.885
"46.237778, -89.541857","UNDE","UNDE_initSoil","46.237778, -89.541857",0,102,47.6823529411765
"46.243048, -89.534709","UNDE","UNDE_initSoil","46.243048, -89.534709",0,175,50.0394285714286
"46.243103, -89.544804","UNDE","UNDE_initSoil","46.243103, -89.544804",0,200,47.04
"46.254613, -89.512657","UNDE","UNDE_initSoil","46.254613, -89.512657",0,112,0.817857142857143
"46.258243, -89.543562","UNDE","UNDE_initSoil","46.258243, -89.543562",0,100,1.526
"46.14103, -89.3221","UNDE",NA,"46.14103, -89.3221",0,200,0.473
"46.631345, 10.372252","1","1","1",1,1,1
"43.04, -89.42","WIS","UW-Madison Arboretum","43.04, -89.42",0,20,0.018525
"47.120197, -99.241126","WOOD","WOOD_initSoil","47.120197, -99.241126",0,100,3.298
"47.127465, -99.246302","WOOD","WOOD_initSoil","47.127465, -99.246302",0,100,1.884
"47.12829, -99.243528","WOOD","WOOD_initSoil","47.12829, -99.243528",0,100,0.99
"47.129092, -99.245921","WOOD","WOOD_initSoil","47.129092, -99.245921",0,100,2.251
"47.131002, -99.242763","WOOD","WOOD_initSoil","47.131002, -99.242763",0,100,3.172
"47.135031, -99.247919","WOOD","WOOD_initSoil","47.135031, -99.247919",0,200,0.6025
"47.137759, -99.229336","WOOD","WOOD_initSoil","47.137759, -99.229336",0,100,1.488
"47.138003, -99.243199","WOOD","WOOD_initSoil","47.138003, -99.243199",0,200,4.7365
"47.140675, -99.251915","WOOD","WOOD_initSoil","47.140675, -99.251915",0,200,1.2235
"47.145051, -99.232933","WOOD","WOOD_initSoil","47.145051, -99.232933",0,100,1.004
"47.146348, -99.263444","WOOD","WOOD_initSoil","47.146348, -99.263444",0,200,2.554
"47.146385, -99.244808","WOOD","WOOD_initSoil","47.146385, -99.244808",0,200,0.871
"47.146637, -99.247579","WOOD","WOOD_initSoil","47.146637, -99.247579",0,200,2.655
"47.146681, -99.225413","WOOD","WOOD_initSoil","47.146681, -99.225413",0,100,1.72
"47.151218, -99.25315","WOOD","WOOD_initSoil","47.151218, -99.25315",0,200,1.2105
"47.12833, -99.23907","WOOD",NA,"47.12833, -99.23907",0,200,0.582
"45.811294, -121.990796","WREF","WREF_initSoil","45.811294, -121.990796",0,100,3.295
"45.818946, -121.976","WREF","WREF_initSoil","45.818946, -121.976",0,100,6.091
"45.819757, -121.968998","WREF","WREF_initSoil","45.819757, -121.968998",0,100,4.488
"45.824185, -121.955555","WREF","WREF_initSoil","45.824185, -121.955555",0,100,4.04
"45.826426, -121.993608","WREF","WREF_initSoil","45.826426, -121.993608",0,100,5.176
"45.834707, -121.983393","WREF","WREF_initSoil","45.834707, -121.983393",0,100,4.053
"45.835857, -122.018935","WREF","WREF_initSoil","45.835857, -122.018935",0,100,2.49
"45.835945, -122.001901","WREF","WREF_initSoil","45.835945, -122.001901",0,100,3.678
"45.840576, -121.863912","WREF","WREF_initSoil","45.840576, -121.863912",0,100,3.07
"45.842751, -122.00835","WREF","WREF_initSoil","45.842751, -122.00835",0,100,5.229
"45.849144, -121.996649","WREF","WREF_initSoil","45.849144, -121.996649",0,100,4.812
"45.81637, -121.95838","WREF",NA,"45.81637, -121.95838",0,200,3.141
"-33.61, 150.73","1","1","1",1,1,1
"44.904015, -110.418459","YELL","YELL_initSoil","44.904015, -110.418459",0,35,9.28
"44.917485, -110.410361","YELL","YELL_initSoil","44.917485, -110.410361",0,87,2.16781609195402
"44.917831, -110.428945","YELL","YELL_initSoil","44.917831, -110.428945",0,105,1.19904761904762
"44.938373, -110.432189","YELL","YELL_initSoil","44.938373, -110.432189",0,49,3.03265306122449
"44.939773, -110.641312","YELL","YELL_initSoil","44.939773, -110.641312",0,96,1.45625
"44.944613, -110.433659","YELL","YELL_initSoil","44.944613, -110.433659",0,85,1.22235294117647
"44.948383, -110.631377","YELL","YELL_initSoil","44.948383, -110.631377",0,105,1.08952380952381
"44.955431, -110.494795","YELL","YELL_initSoil","44.955431, -110.494795",0,68,2.84117647058824
"44.962834, -110.593234","YELL","YELL_initSoil","44.962834, -110.593234",0,110,2.05545454545455
"44.966541, -110.503423","YELL","YELL_initSoil","44.966541, -110.503423",0,57,1.04912280701754
"44.968096, -110.492027","YELL","YELL_initSoil","44.968096, -110.492027",0,104,0.295192307692308
"44.95597, -110.54196","YELL",NA,"44.95597, -110.54196",0,200,1.2
